,0
0,https://image.msscdn.net/images/codimap/detail/19805/detail_19805_1_500.jpg?202211211511
1,"['https://www.musinsa.com/app/codimap/views/19805?style_type=&tag_no=&brand=&display_cnt=60&list_kind=big&sort=date&page=2', 'not shown', 0, 0, 0, 'not shown', 0, 0, 0, 'not shown', 0, 'black', 'not shown', 'black', 0, 0, 0]"
2,https://image.msscdn.net/images/codimap/detail/19804/detail_19804_1_500.jpg?202211211511
3,"['https://www.musinsa.com/app/codimap/views/19804?style_type=&tag_no=&brand=&display_cnt=60&list_kind=big&sort=date&page=2', 'not shown', 'not shown', 0, 0, 'blue', 0, 0, 0, 'not shown', 0, 'black', 'not shown', 'black', 0, 0, 0]"
4,https://image.msscdn.net/images/codimap/detail/19803/detail_19803_1_500.jpg?202211211511
5,"['https://www.musinsa.com/app/codimap/views/19803?style_type=&tag_no=&brand=&display_cnt=60&list_kind=big&sort=date&page=2', 'not shown', 0, 0, 0, 'not shown', 'not shown', 0, 0, 'not shown', 0, 'not shown', 'not shown', 'not shown', 0, 0, 0]"
6,https://image.msscdn.net/images/codimap/detail/19802/detail_19802_1_500.jpg?202211211511
7,"['https://www.musinsa.com/app/codimap/views/19802?style_type=&tag_no=&brand=&display_cnt=60&list_kind=big&sort=date&page=2', 'black', 0, 0, 0, 0, 0, 0, 0, 'not shown', 0, 'beige', 'not shown', 'not shown', 0, 0, 0]"
8,https://image.msscdn.net/images/codimap/detail/19801/detail_19801_1_500.jpg?202211211511
9,"['https://www.musinsa.com/app/codimap/views/19801?style_type=&tag_no=&brand=&display_cnt=60&list_kind=big&sort=date&page=2', 'not shown', 0, 0, 0, 'not shown', 0, 0, 0, 'black', 0, 'not shown', 'not shown', 'not shown', 0, 0, 0]"
10,https://image.msscdn.net/images/codimap/detail/19800/detail_19800_1_500.jpg?202211211511
11,"['https://www.musinsa.com/app/codimap/views/19800?style_type=&tag_no=&brand=&display_cnt=60&list_kind=big&sort=date&page=2', 'not shown', 'not shown', 0, 0, 'not shown', 0, 0, 0, 'not shown', 0, 'grey', 'not shown', 'not shown', 0, 0, 0]"
12,https://image.msscdn.net/images/codimap/detail/19799/detail_19799_1_500.jpg?202211211511
13,"['https://www.musinsa.com/app/codimap/views/19799?style_type=&tag_no=&brand=&display_cnt=60&list_kind=big&sort=date&page=2', 'black', 0, 0, 0, 'white', 0, 0, 0, 'blue', 0, 'not shown', 'beige', 'black', 0, 0, 0]"
14,https://image.msscdn.net/images/codimap/detail/19798/detail_19798_1_500.jpg?202211211511
15,"['https://www.musinsa.com/app/codimap/views/19798?style_type=&tag_no=&brand=&display_cnt=60&list_kind=big&sort=date&page=2', 'not shown', 'not shown', 0, 0, 'not shown', 0, 0, 0, 'not shown', 0, 'not shown', 'not shown', 'not shown', 0, 0, 0]"
16,https://image.msscdn.net/images/codimap/detail/19797/detail_19797_1_500.jpg?202211211511
17,"['https://www.musinsa.com/app/codimap/views/19797?style_type=&tag_no=&brand=&display_cnt=60&list_kind=big&sort=date&page=2', 'black', 0, 0, 0, 'beige', 0, 0, 0, 'beige', 0, 0, 'not shown', 'brown', 0, 0, 0]"
18,https://image.msscdn.net/images/codimap/detail/19796/detail_19796_1_500.jpg?202211211511
19,"['https://www.musinsa.com/app/codimap/views/19796?style_type=&tag_no=&brand=&display_cnt=60&list_kind=big&sort=date&page=2', 'not shown', 0, 0, 0, 'not shown', 0, 0, 0, 'not shown', 0, 'not shown', 'brown', 'not shown', 0, 0, 0]"
20,https://image.msscdn.net/images/codimap/detail/19795/detail_19795_1_500.jpg?202211211511
21,"['https://www.musinsa.com/app/codimap/views/19795?style_type=&tag_no=&brand=&display_cnt=60&list_kind=big&sort=date&page=2', 'not shown', 0, 0, 0, 'not shown', 'white', 0, 0, 'not shown', 0, 'black', 'not shown', 'not shown', 0, 0, 0]"
22,https://image.msscdn.net/images/codimap/detail/19794/detail_19794_1_500.jpg?202211211511
23,"['https://www.musinsa.com/app/codimap/views/19794?style_type=&tag_no=&brand=&display_cnt=60&list_kind=big&sort=date&page=2', 'black', 0, 0, 0, 'not shown', 0, 0, 0, 'not shown', 0, 0, 'not shown', 'not shown', 0, 0, 0]"
24,https://image.msscdn.net/images/codimap/detail/19793/detail_19793_1_500.jpg?202211211511
25,"['https://www.musinsa.com/app/codimap/views/19793?style_type=&tag_no=&brand=&display_cnt=60&list_kind=big&sort=date&page=2', 'not shown', 0, 0, 0, 'navy', 0, 0, 0, 'not shown', 0, 'not shown', 'black', 'black', 0, 0, 0]"
26,https://image.msscdn.net/images/codimap/detail/19792/detail_19792_1_500.jpg?202211211511
27,"['https://www.musinsa.com/app/codimap/views/19792?style_type=&tag_no=&brand=&display_cnt=60&list_kind=big&sort=date&page=2', 'not shown', 0, 0, 0, 'not shown', 0, 0, 0, 'not shown', 0, 'not shown', 'not shown', 'not shown', 0, 0, 0]"
28,https://image.msscdn.net/images/codimap/detail/19791/detail_19791_1_500.jpg?202211211511
29,"['https://www.musinsa.com/app/codimap/views/19791?style_type=&tag_no=&brand=&display_cnt=60&list_kind=big&sort=date&page=2', 'not shown', 0, 0, 0, 'not shown', 0, 0, 0, 'not shown', 0, 'not shown', 'not shown', 'not shown', 0, 0, 0]"
30,https://image.msscdn.net/images/codimap/detail/19790/detail_19790_1_500.jpg?202211211511
31,"['https://www.musinsa.com/app/codimap/views/19790?style_type=&tag_no=&brand=&display_cnt=60&list_kind=big&sort=date&page=2', 'not shown', 0, 0, 0, 'not shown', 0, 0, 0, 'not shown', 0, 'not shown', 'not shown', 'not shown', 0, 0, 0]"
32,https://image.msscdn.net/images/codimap/detail/19789/detail_19789_1_500.jpg?202211211511
33,"['https://www.musinsa.com/app/codimap/views/19789?style_type=&tag_no=&brand=&display_cnt=60&list_kind=big&sort=date&page=2', 'not shown', 0, 0, 0, 'not shown', 0, 0, 0, 'not shown', 0, 'not shown', 'not shown', 'not shown', 0, 0, 0]"
34,https://image.msscdn.net/images/codimap/detail/19788/detail_19788_1_500.jpg?202211211511
35,"['https://www.musinsa.com/app/codimap/views/19788?style_type=&tag_no=&brand=&display_cnt=60&list_kind=big&sort=date&page=2', 'not shown', 0, 0, 0, 'not shown', 0, 0, 0, 'not shown', 0, 'not shown', 'not shown', 'not shown', 0, 0, 0]"
36,https://image.msscdn.net/images/codimap/detail/19784/detail_19784_1_500.jpg?202211211511
37,"['https://www.musinsa.com/app/codimap/views/19784?style_type=&tag_no=&brand=&display_cnt=60&list_kind=big&sort=date&page=2', 'not shown', 0, 0, 0, 'not shown', 0, 0, 0, 'cream', 0, 'not shown', 'not shown', 'not shown', 0, 0, 0]"
38,https://image.msscdn.net/images/codimap/detail/19783/detail_19783_1_500.jpg?202211211511
39,"['https://www.musinsa.com/app/codimap/views/19783?style_type=&tag_no=&brand=&display_cnt=60&list_kind=big&sort=date&page=2', 'pink', 0, 0, 0, 'black', 0, 0, 0, 'not shown', 0, 0, 'black', 'not shown', 0, 0, 0]"
40,https://image.msscdn.net/images/codimap/detail/19782/detail_19782_1_500.jpg?202211211511
41,"['https://www.musinsa.com/app/codimap/views/19782?style_type=&tag_no=&brand=&display_cnt=60&list_kind=big&sort=date&page=2', 'not shown', 0, 0, 0, 'not shown', 0, 0, 0, 'not shown', 0, 'white', 'black', 'not shown', 0, 0, 0]"
42,https://image.msscdn.net/images/codimap/detail/19781/detail_19781_1_500.jpg?202211211511
43,"['https://www.musinsa.com/app/codimap/views/19781?style_type=&tag_no=&brand=&display_cnt=60&list_kind=big&sort=date&page=2', 'not shown', 0, 0, 0, 'not shown', 0, 0, 0, 'not shown', 0, 'not shown', 'silver', 'not shown', 0, 0, 0]"
44,https://image.msscdn.net/images/codimap/detail/19780/detail_19780_1_500.jpg?202211211511
45,"['https://www.musinsa.com/app/codimap/views/19780?style_type=&tag_no=&brand=&display_cnt=60&list_kind=big&sort=date&page=2', 'navy', 0, 0, 0, 'not shown', 0, 0, 0, 0, 0, 'not shown', 'grey', 'black', 0, 0, 0]"
46,https://image.msscdn.net/images/codimap/detail/19779/detail_19779_1_500.jpg?202211211511
47,"['https://www.musinsa.com/app/codimap/views/19779?style_type=&tag_no=&brand=&display_cnt=60&list_kind=big&sort=date&page=2', 0, 0, 0, 0, 0, 0, 0, 0, 0, 0, 'not shown', 'blue', 'not shown', 'not shown', 'not shown', 0]"
48,https://image.msscdn.net/images/codimap/detail/19778/detail_19778_1_500.jpg?202211211511
49,"['https://www.musinsa.com/app/codimap/views/19778?style_type=&tag_no=&brand=&display_cnt=60&list_kind=big&sort=date&page=2', 0, 0, 0, 0, 'not shown', 0, 0, 0, 'brown', 0, 0, 'beige', 'not shown', 'not shown', 0, 0]"
50,https://image.msscdn.net/images/codimap/detail/19777/detail_19777_1_500.jpg?202211211511
51,"['https://www.musinsa.com/app/codimap/views/19777?style_type=&tag_no=&brand=&display_cnt=60&list_kind=big&sort=date&page=2', 0, 0, 0, 0, 'not shown', 0, 0, 0, 0, 0, 0, 'not shown', 'not shown', 'not shown', 'not shown', 0]"
52,https://image.msscdn.net/images/codimap/detail/19776/detail_19776_1_500.jpg?202211211511
53,"['https://www.musinsa.com/app/codimap/views/19776?style_type=&tag_no=&brand=&display_cnt=60&list_kind=big&sort=date&page=2', 0, 0, 0, 0, 0, 0, 0, 0, 0, 0, 'not shown', 'not shown', 'not shown', 'not shown', 'not shown', 0]"
54,https://image.msscdn.net/images/codimap/detail/19775/detail_19775_1_500.jpg?202211211511
55,"['https://www.musinsa.com/app/codimap/views/19775?style_type=&tag_no=&brand=&display_cnt=60&list_kind=big&sort=date&page=2', 0, 0, 0, 0, 'not shown', 0, 0, 0, 'grey', 0, 0, 'not shown', 'not shown', 'not shown', 0, 0]"
56,https://image.msscdn.net/images/codimap/detail/19779/detail_19779_1_500.jpg?202211211511
57,"['https://www.musinsa.com/app/codimap/views/19779?style_type=&tag_no=&brand=&display_cnt=60&list_kind=big&sort=date&page=2', 0, 0, 0, 0, 0, 0, 0, 0, 0, 0, 'not shown', 'blue', 'not shown', 'not shown', 'not shown', 0]"
58,https://image.msscdn.net/images/codimap/detail/19778/detail_19778_1_500.jpg?202211211511
59,"['https://www.musinsa.com/app/codimap/views/19778?style_type=&tag_no=&brand=&display_cnt=60&list_kind=big&sort=date&page=2', 0, 0, 0, 0, 'not shown', 0, 0, 0, 'brown', 0, 0, 'beige', 'not shown', 'not shown', 0, 0]"
60,https://image.msscdn.net/images/codimap/detail/19777/detail_19777_1_500.jpg?202211211511
61,"['https://www.musinsa.com/app/codimap/views/19777?style_type=&tag_no=&brand=&display_cnt=60&list_kind=big&sort=date&page=2', 0, 0, 0, 0, 'not shown', 0, 0, 0, 0, 0, 0, 'not shown', 'not shown', 'not shown', 'not shown', 0]"
62,https://image.msscdn.net/images/codimap/detail/19776/detail_19776_1_500.jpg?202211211511
63,"['https://www.musinsa.com/app/codimap/views/19776?style_type=&tag_no=&brand=&display_cnt=60&list_kind=big&sort=date&page=2', 0, 0, 0, 0, 0, 0, 0, 0, 0, 0, 'not shown', 'not shown', 'not shown', 'not shown', 'not shown', 0]"
64,https://image.msscdn.net/images/codimap/detail/19775/detail_19775_1_500.jpg?202211211511
65,"['https://www.musinsa.com/app/codimap/views/19775?style_type=&tag_no=&brand=&display_cnt=60&list_kind=big&sort=date&page=2', 0, 0, 0, 0, 'not shown', 0, 0, 0, 'grey', 0, 0, 'not shown', 'not shown', 'not shown', 0, 0]"
66,https://image.msscdn.net/images/codimap/detail/19774/detail_19774_1_500.jpg?202211211511
67,"['https://www.musinsa.com/app/codimap/views/19774?style_type=&tag_no=&brand=&display_cnt=60&list_kind=big&sort=date&page=2', 'brown', 0, 0, 0, 'not shown', 0, 0, 0, 'not shown', 0, 'not shown', 'navy', 'beige', 0, 0, 0]"
68,https://image.msscdn.net/images/codimap/detail/19773/detail_19773_1_500.jpg?202211211511
69,"['https://www.musinsa.com/app/codimap/views/19773?style_type=&tag_no=&brand=&display_cnt=60&list_kind=big&sort=date&page=2', 'not shown', 0, 0, 0, 'black', 0, 0, 0, 'black', 0, 0, 'not shown', 'not shown', 0, 0, 0]"
70,https://image.msscdn.net/images/codimap/detail/19772/detail_19772_1_500.jpg?202211211511
71,"['https://www.musinsa.com/app/codimap/views/19772?style_type=&tag_no=&brand=&display_cnt=60&list_kind=big&sort=date&page=2', 'not shown', 0, 0, 0, 'not shown', 0, 0, 0, 'black', 0, 'black', 'not shown', 'black', 0, 0, 0]"
72,https://image.msscdn.net/images/codimap/detail/19771/detail_19771_1_500.jpg?202211211511
73,"['https://www.musinsa.com/app/codimap/views/19771?style_type=&tag_no=&brand=&display_cnt=60&list_kind=big&sort=date&page=2', 'not shown', 0, 0, 0, 'not shown', 0, 0, 0, 'black', 0, 'not shown', 'not shown', 'not shown', 0, 0, 0]"
74,https://image.msscdn.net/images/codimap/detail/19770/detail_19770_1_500.jpg?202211211511
75,"['https://www.musinsa.com/app/codimap/views/19770?style_type=&tag_no=&brand=&display_cnt=60&list_kind=big&sort=date&page=2', 'black', 0, 0, 0, 'not shown', 0, 0, 0, 'black', 0, 'white', 'black', 'not shown', 0, 0, 0]"
76,https://image.msscdn.net/images/codimap/detail/19769/detail_19769_1_500.jpg?202211211511
77,"['https://www.musinsa.com/app/codimap/views/19769?style_type=&tag_no=&brand=&display_cnt=60&list_kind=big&sort=date&page=2', 'not shown', 0, 0, 0, 'navy', 'blue', 0, 0, 'not shown', 0, 'not shown', 'not shown', 'black', 0, 0, 0]"
78,https://image.msscdn.net/images/codimap/detail/19768/detail_19768_1_500.jpg?202211211511
79,"['https://www.musinsa.com/app/codimap/views/19768?style_type=&tag_no=&brand=&display_cnt=60&list_kind=big&sort=date&page=2', 'not shown', 0, 0, 0, 'not shown', 0, 0, 0, 'not shown', 0, 0, 'not shown', 'not shown', 0, 0, 0]"
80,https://image.msscdn.net/images/codimap/detail/19767/detail_19767_1_500.jpg?202211211511
81,"['https://www.musinsa.com/app/codimap/views/19767?style_type=&tag_no=&brand=&display_cnt=60&list_kind=big&sort=date&page=2', 'not shown', 0, 0, 0, 'not shown', 0, 0, 0, 'black', 0, 'not shown', 'not shown', 'black', 0, 0, 0]"
82,https://image.msscdn.net/images/codimap/detail/19766/detail_19766_1_500.jpg?202211211511
83,"['https://www.musinsa.com/app/codimap/views/19766?style_type=&tag_no=&brand=&display_cnt=60&list_kind=big&sort=date&page=2', 'not shown', 0, 0, 0, 'not shown', 0, 0, 0, 'beige', 0, 'not shown', 'not shown', 'not shown', 0, 0, 0]"
84,https://image.msscdn.net/images/codimap/detail/19765/detail_19765_1_500.jpg?202211211511
85,"['https://www.musinsa.com/app/codimap/views/19765?style_type=&tag_no=&brand=&display_cnt=60&list_kind=big&sort=date&page=2', 'green', 0, 0, 0, 'not shown', 0, 0, 0, 'black', 0, 0, 'not shown', 'not shown', 0, 0, 0]"
86,https://image.msscdn.net/images/codimap/detail/19764/detail_19764_1_500.jpg?202211211511
87,"['https://www.musinsa.com/app/codimap/views/19764?style_type=&tag_no=&brand=&display_cnt=60&list_kind=big&sort=date&page=2', 'beige', 0, 0, 0, 'not shown', 0, 0, 0, 'not shown', 0, 'not shown', 'beige', 'not shown', 0, 0, 0]"
88,https://image.msscdn.net/images/codimap/detail/19763/detail_19763_1_500.jpg?202211211511
89,"['https://www.musinsa.com/app/codimap/views/19763?style_type=&tag_no=&brand=&display_cnt=60&list_kind=big&sort=date&page=2', 'not shown', 0, 0, 0, 'not shown', 0, 0, 0, 'grey', 0, 'black', 'not shown', 'not shown', 0, 0, 0]"
90,https://image.msscdn.net/images/codimap/detail/19767/detail_19767_1_500.jpg?202211211511
91,"['https://www.musinsa.com/app/codimap/views/19767?style_type=&tag_no=&brand=&display_cnt=60&list_kind=big&sort=date&page=2', 'not shown', 0, 0, 0, 'not shown', 0, 0, 0, 'black', 0, 'not shown', 'not shown', 'black', 0, 0, 0]"
92,https://image.msscdn.net/images/codimap/detail/19766/detail_19766_1_500.jpg?202211211511
93,"['https://www.musinsa.com/app/codimap/views/19766?style_type=&tag_no=&brand=&display_cnt=60&list_kind=big&sort=date&page=2', 'not shown', 0, 0, 0, 'not shown', 0, 0, 0, 'beige', 0, 'not shown', 'not shown', 'not shown', 0, 0, 0]"
94,https://image.msscdn.net/images/codimap/detail/19765/detail_19765_1_500.jpg?202211211511
95,"['https://www.musinsa.com/app/codimap/views/19765?style_type=&tag_no=&brand=&display_cnt=60&list_kind=big&sort=date&page=2', 'green', 0, 0, 0, 'not shown', 0, 0, 0, 'black', 0, 0, 'not shown', 'not shown', 0, 0, 0]"
96,https://image.msscdn.net/images/codimap/detail/19764/detail_19764_1_500.jpg?202211211511
97,"['https://www.musinsa.com/app/codimap/views/19764?style_type=&tag_no=&brand=&display_cnt=60&list_kind=big&sort=date&page=2', 'beige', 0, 0, 0, 'not shown', 0, 0, 0, 'not shown', 0, 'not shown', 'beige', 'not shown', 0, 0, 0]"
98,https://image.msscdn.net/images/codimap/detail/19763/detail_19763_1_500.jpg?202211211511
99,"['https://www.musinsa.com/app/codimap/views/19763?style_type=&tag_no=&brand=&display_cnt=60&list_kind=big&sort=date&page=2', 'not shown', 0, 0, 0, 'not shown', 0, 0, 0, 'grey', 0, 'black', 'not shown', 'not shown', 0, 0, 0]"
100,https://image.msscdn.net/images/codimap/detail/19762/detail_19762_1_500.jpg?202211211511
101,"['https://www.musinsa.com/app/codimap/views/19762?style_type=&tag_no=&brand=&display_cnt=60&list_kind=big&sort=date&page=2', 'beige', 0, 0, 0, 'not shown', 0, 0, 0, 'not shown', 0, 'white', 'beige', 'beige', 0, 0, 0]"
102,https://image.msscdn.net/images/codimap/detail/19761/detail_19761_1_500.jpg?202211211511
103,"['https://www.musinsa.com/app/codimap/views/19761?style_type=&tag_no=&brand=&display_cnt=60&list_kind=big&sort=date&page=2', 'green', 0, 0, 0, 'black', 0, 0, 0, 'black', 0, 'black', 'black', 'black', 0, 0, 0]"
104,https://image.msscdn.net/images/codimap/detail/19760/detail_19760_1_500.jpg?202211211511
105,"['https://www.musinsa.com/app/codimap/views/19760?style_type=&tag_no=&brand=&display_cnt=60&list_kind=big&sort=date&page=2', 'navy', 0, 0, 0, 'navy', 0, 0, 0, 'black', 0, 'black', 'navy', 'black', 0, 0, 0]"
106,https://image.msscdn.net/images/codimap/detail/19759/detail_19759_1_500.jpg?202211211511
107,"['https://www.musinsa.com/app/codimap/views/19759?style_type=&tag_no=&brand=&display_cnt=60&list_kind=big&sort=date&page=2', 'not shown', 0, 0, 0, 'not shown', 0, 0, 0, 0, 0, 'not shown', 'not shown', 'black', 'blue', 0, 0]"
108,https://image.msscdn.net/images/codimap/detail/19758/detail_19758_1_500.jpg?202211211511
109,"['https://www.musinsa.com/app/codimap/views/19758?style_type=&tag_no=&brand=&display_cnt=60&list_kind=big&sort=date&page=2', 'not shown', 0, 0, 0, 'not shown', 0, 0, 0, 0, 0, 'not shown', 'not shown', 'silver', 'beige', 0, 0]"
110,https://image.msscdn.net/images/codimap/detail/19757/detail_19757_1_500.jpg?202211211511
111,"['https://www.musinsa.com/app/codimap/views/19757?style_type=&tag_no=&brand=&display_cnt=60&list_kind=big&sort=date&page=2', 'not shown', 0, 0, 0, 'black', 0, 0, 0, 'not shown', 0, 'not shown', 'not shown', 'brown', 0, 0, 0]"
112,https://image.msscdn.net/images/codimap/detail/19756/detail_19756_1_500.jpg?202211211511
113,"['https://www.musinsa.com/app/codimap/views/19756?style_type=&tag_no=&brand=&display_cnt=60&list_kind=big&sort=date&page=2', 'not shown', 0, 0, 0, 'not shown', 0, 0, 0, 'not shown', 0, 'not shown', 'not shown', 'not shown', 0, 0, 0]"
114,https://image.msscdn.net/images/codimap/detail/19755/detail_19755_1_500.jpg?202211211511
115,"['https://www.musinsa.com/app/codimap/views/19755?style_type=&tag_no=&brand=&display_cnt=60&list_kind=big&sort=date&page=2', 'beige', 0, 0, 0, 'grey', 'not shown', 0, 0, 'pink', 0, 'white', 'not shown', 'cream', 0, 0, 0]"
116,https://image.msscdn.net/images/codimap/detail/19754/detail_19754_1_500.jpg?202211211511
117,"['https://www.musinsa.com/app/codimap/views/19754?style_type=&tag_no=&brand=&display_cnt=60&list_kind=big&sort=date&page=2', 'not shown', 'not shown', 0, 0, 'not shown', 0, 0, 0, 'not shown', 0, 'not shown', 'black', 'not shown', 0, 0, 0]"
118,https://image.msscdn.net/images/codimap/detail/19753/detail_19753_1_500.jpg?202211211511
119,"['https://www.musinsa.com/app/codimap/views/19753?style_type=&tag_no=&brand=&display_cnt=60&list_kind=big&sort=date&page=2', 'not shown', 0, 0, 0, 'not shown', 'not shown', 0, 0, 'not shown', 0, 'not shown', 'silver', 'black', 0, 0, 0]"
120,https://image.msscdn.net/images/codimap/detail/19752/detail_19752_1_500.jpg?202211211511
121,"['https://www.musinsa.com/app/codimap/views/19752?style_type=&tag_no=&brand=&display_cnt=60&list_kind=big&sort=date&page=3', 'not shown', 0, 0, 0, 'not shown', 0, 0, 0, 'not shown', 0, 'not shown', 'not shown', 'not shown', 0, 0, 0]"
122,https://image.msscdn.net/images/codimap/detail/19751/detail_19751_1_500.jpg?202211211511
123,"['https://www.musinsa.com/app/codimap/views/19751?style_type=&tag_no=&brand=&display_cnt=60&list_kind=big&sort=date&page=3', 'not shown', 'not shown', 0, 0, 0, 0, 0, 0, 'not shown', 0, 'not shown', 'not shown', 'navy', 'not shown', 0, 0]"
124,https://image.msscdn.net/images/codimap/detail/19750/detail_19750_1_500.jpg?202211211511
125,"['https://www.musinsa.com/app/codimap/views/19750?style_type=&tag_no=&brand=&display_cnt=60&list_kind=big&sort=date&page=3', 'not shown', 0, 0, 0, 'not shown', 0, 0, 0, 'not shown', 0, 'not shown', 'not shown', 'not shown', 0, 0, 0]"
126,https://image.msscdn.net/images/codimap/detail/19749/detail_19749_1_500.jpg?202211211511
127,"['https://www.musinsa.com/app/codimap/views/19749?style_type=&tag_no=&brand=&display_cnt=60&list_kind=big&sort=date&page=3', 'not shown', 0, 0, 0, 'not shown', 0, 0, 0, 'beige', 0, 'not shown', 'not shown', 'not shown', 0, 0, 0]"
128,https://image.msscdn.net/images/codimap/detail/19748/detail_19748_1_500.jpg?202211211511
129,"['https://www.musinsa.com/app/codimap/views/19748?style_type=&tag_no=&brand=&display_cnt=60&list_kind=big&sort=date&page=3', 'black', 0, 0, 0, 'black', 0, 0, 0, 'grey', 0, 'not shown', 'not shown', 'black', 0, 0, 0]"
130,https://image.msscdn.net/images/codimap/detail/19747/detail_19747_1_500.jpg?202211211511
131,"['https://www.musinsa.com/app/codimap/views/19747?style_type=&tag_no=&brand=&display_cnt=60&list_kind=big&sort=date&page=3', 'cream', 0, 0, 0, 'navy', 0, 0, 0, 'not shown', 0, 'not shown', 'not shown', 'not shown', 0, 0, 0]"
132,https://image.msscdn.net/images/codimap/detail/19753/detail_19753_1_500.jpg?202211211511
133,"['https://www.musinsa.com/app/codimap/views/19753?style_type=&tag_no=&brand=&display_cnt=60&list_kind=big&sort=date&page=3', 'not shown', 0, 0, 0, 'not shown', 'not shown', 0, 0, 'not shown', 0, 'not shown', 'silver', 'black', 0, 0, 0]"
134,https://image.msscdn.net/images/codimap/detail/19752/detail_19752_1_500.jpg?202211211511
135,"['https://www.musinsa.com/app/codimap/views/19752?style_type=&tag_no=&brand=&display_cnt=60&list_kind=big&sort=date&page=3', 'not shown', 0, 0, 0, 'not shown', 0, 0, 0, 'not shown', 0, 'not shown', 'not shown', 'not shown', 0, 0, 0]"
136,https://image.msscdn.net/images/codimap/detail/19751/detail_19751_1_500.jpg?202211211511
137,"['https://www.musinsa.com/app/codimap/views/19751?style_type=&tag_no=&brand=&display_cnt=60&list_kind=big&sort=date&page=3', 'not shown', 'not shown', 0, 0, 0, 0, 0, 0, 'not shown', 0, 'not shown', 'not shown', 'navy', 'not shown', 0, 0]"
138,https://image.msscdn.net/images/codimap/detail/19750/detail_19750_1_500.jpg?202211211511
139,"['https://www.musinsa.com/app/codimap/views/19750?style_type=&tag_no=&brand=&display_cnt=60&list_kind=big&sort=date&page=3', 'not shown', 0, 0, 0, 'not shown', 0, 0, 0, 'not shown', 0, 'not shown', 'not shown', 'not shown', 0, 0, 0]"
140,https://image.msscdn.net/images/codimap/detail/19749/detail_19749_1_500.jpg?202211211511
141,"['https://www.musinsa.com/app/codimap/views/19749?style_type=&tag_no=&brand=&display_cnt=60&list_kind=big&sort=date&page=3', 'not shown', 0, 0, 0, 'not shown', 0, 0, 0, 'beige', 0, 'not shown', 'not shown', 'not shown', 0, 0, 0]"
142,https://image.msscdn.net/images/codimap/detail/19748/detail_19748_1_500.jpg?202211211511
143,"['https://www.musinsa.com/app/codimap/views/19748?style_type=&tag_no=&brand=&display_cnt=60&list_kind=big&sort=date&page=3', 'black', 0, 0, 0, 'black', 0, 0, 0, 'grey', 0, 'not shown', 'not shown', 'black', 0, 0, 0]"
144,https://image.msscdn.net/images/codimap/detail/19747/detail_19747_1_500.jpg?202211211511
145,"['https://www.musinsa.com/app/codimap/views/19747?style_type=&tag_no=&brand=&display_cnt=60&list_kind=big&sort=date&page=3', 'cream', 0, 0, 0, 'navy', 0, 0, 0, 'not shown', 0, 'not shown', 'not shown', 'not shown', 0, 0, 0]"
146,https://image.msscdn.net/images/codimap/detail/19746/detail_19746_1_500.jpg?202211211511
147,"['https://www.musinsa.com/app/codimap/views/19746?style_type=&tag_no=&brand=&display_cnt=60&list_kind=big&sort=date&page=3', 'not shown', 0, 0, 0, 'not shown', 0, 0, 0, 'not shown', 0, 0, 'not shown', 'not shown', 0, 0, 0]"
148,https://image.msscdn.net/images/codimap/detail/19745/detail_19745_1_500.jpg?202211211511
149,"['https://www.musinsa.com/app/codimap/views/19745?style_type=&tag_no=&brand=&display_cnt=60&list_kind=big&sort=date&page=3', 'beige', 0, 0, 0, 'not shown', 0, 0, 0, 'not shown', 0, 'not shown', 'not shown', 'not shown', 0, 0, 0]"
150,https://image.msscdn.net/images/codimap/detail/19744/detail_19744_1_500.jpg?202211211511
151,"['https://www.musinsa.com/app/codimap/views/19744?style_type=&tag_no=&brand=&display_cnt=60&list_kind=big&sort=date&page=3', 'black', 'not shown', 0, 0, 'white', 0, 0, 0, 'not shown', 0, 'not shown', 'not shown', 'not shown', 0, 0, 0]"
152,https://image.msscdn.net/images/codimap/detail/19743/detail_19743_1_500.jpg?202211211511
153,"['https://www.musinsa.com/app/codimap/views/19743?style_type=&tag_no=&brand=&display_cnt=60&list_kind=big&sort=date&page=3', 'not shown', 0, 0, 0, 'not shown', 0, 0, 0, 0, 0, 'green', 'not shown', 'not shown', 0, 0, 0]"
154,https://image.msscdn.net/images/codimap/detail/19742/detail_19742_1_500.jpg?202211211511
155,"['https://www.musinsa.com/app/codimap/views/19742?style_type=&tag_no=&brand=&display_cnt=60&list_kind=big&sort=date&page=3', 'beige', 'brown', 0, 0, 'cream', 0, 0, 0, 'not shown', 0, 'white', 'not shown', 'brown', 0, 0, 0]"
156,https://image.msscdn.net/images/codimap/detail/19741/detail_19741_1_500.jpg?202211211511
157,"['https://www.musinsa.com/app/codimap/views/19741?style_type=&tag_no=&brand=&display_cnt=60&list_kind=big&sort=date&page=3', 'black', 0, 0, 0, 'navy', 0, 0, 0, 'not shown', 0, 'white', 'not shown', 'not shown', 0, 0, 0]"
158,https://image.msscdn.net/images/codimap/detail/19740/detail_19740_1_500.jpg?202211211511
159,"['https://www.musinsa.com/app/codimap/views/19740?style_type=&tag_no=&brand=&display_cnt=60&list_kind=big&sort=date&page=3', 'not shown', 0, 0, 0, 'not shown', 0, 0, 0, 'not shown', 0, 0, 'not shown', 'black', 0, 0, 0]"
160,https://image.msscdn.net/images/codimap/detail/19739/detail_19739_1_500.jpg?202211211511
161,"['https://www.musinsa.com/app/codimap/views/19739?style_type=&tag_no=&brand=&display_cnt=60&list_kind=big&sort=date&page=3', 'not shown', 0, 0, 0, 'not shown', 0, 0, 0, 'not shown', 0, 'not shown', 'not shown', 'beige', 0, 0, 0]"
162,https://image.msscdn.net/images/codimap/detail/19746/detail_19746_1_500.jpg?202211211511
163,"['https://www.musinsa.com/app/codimap/views/19746?style_type=&tag_no=&brand=&display_cnt=60&list_kind=big&sort=date&page=3', 'not shown', 0, 0, 0, 'not shown', 0, 0, 0, 'not shown', 0, 0, 'not shown', 'not shown', 0, 0, 0]"
164,https://image.msscdn.net/images/codimap/detail/19745/detail_19745_1_500.jpg?202211211511
165,"['https://www.musinsa.com/app/codimap/views/19745?style_type=&tag_no=&brand=&display_cnt=60&list_kind=big&sort=date&page=3', 'beige', 0, 0, 0, 'not shown', 0, 0, 0, 'not shown', 0, 'not shown', 'not shown', 'not shown', 0, 0, 0]"
166,https://image.msscdn.net/images/codimap/detail/19744/detail_19744_1_500.jpg?202211211511
167,"['https://www.musinsa.com/app/codimap/views/19744?style_type=&tag_no=&brand=&display_cnt=60&list_kind=big&sort=date&page=3', 'black', 'not shown', 0, 0, 'white', 0, 0, 0, 'not shown', 0, 'not shown', 'not shown', 'not shown', 0, 0, 0]"
168,https://image.msscdn.net/images/codimap/detail/19743/detail_19743_1_500.jpg?202211211511
169,"['https://www.musinsa.com/app/codimap/views/19743?style_type=&tag_no=&brand=&display_cnt=60&list_kind=big&sort=date&page=3', 'not shown', 0, 0, 0, 'not shown', 0, 0, 0, 0, 0, 'green', 'not shown', 'not shown', 0, 0, 0]"
170,https://image.msscdn.net/images/codimap/detail/19742/detail_19742_1_500.jpg?202211211511
171,"['https://www.musinsa.com/app/codimap/views/19742?style_type=&tag_no=&brand=&display_cnt=60&list_kind=big&sort=date&page=3', 'beige', 'brown', 0, 0, 'cream', 0, 0, 0, 'not shown', 0, 'white', 'not shown', 'brown', 0, 0, 0]"
172,https://image.msscdn.net/images/codimap/detail/19741/detail_19741_1_500.jpg?202211211511
173,"['https://www.musinsa.com/app/codimap/views/19741?style_type=&tag_no=&brand=&display_cnt=60&list_kind=big&sort=date&page=3', 'black', 0, 0, 0, 'navy', 0, 0, 0, 'not shown', 0, 'white', 'not shown', 'not shown', 0, 0, 0]"
174,https://image.msscdn.net/images/codimap/detail/19740/detail_19740_1_500.jpg?202211211511
175,"['https://www.musinsa.com/app/codimap/views/19740?style_type=&tag_no=&brand=&display_cnt=60&list_kind=big&sort=date&page=3', 'not shown', 0, 0, 0, 'not shown', 0, 0, 0, 'not shown', 0, 0, 'not shown', 'black', 0, 0, 0]"
176,https://image.msscdn.net/images/codimap/detail/19739/detail_19739_1_500.jpg?202211211611
177,"['https://www.musinsa.com/app/codimap/views/19739?style_type=&tag_no=&brand=&display_cnt=60&list_kind=big&sort=date&page=3', 'not shown', 0, 0, 0, 'not shown', 0, 0, 0, 'not shown', 0, 'not shown', 'not shown', 'beige', 0, 0, 0]"
178,https://image.msscdn.net/images/codimap/detail/19738/detail_19738_1_500.jpg?202211211611
179,"['https://www.musinsa.com/app/codimap/views/19738?style_type=&tag_no=&brand=&display_cnt=60&list_kind=big&sort=date&page=3', 'not shown', 'not shown', 0, 0, 'not shown', 0, 0, 0, 'not shown', 0, 'brown', 'not shown', 'black', 0, 0, 0]"
180,https://image.msscdn.net/images/codimap/detail/19737/detail_19737_1_500.jpg?202211211611
181,"['https://www.musinsa.com/app/codimap/views/19737?style_type=&tag_no=&brand=&display_cnt=60&list_kind=big&sort=date&page=3', 'not shown', 0, 0, 0, 'not shown', 0, 0, 0, 'not shown', 0, 'white', 'not shown', 'not shown', 0, 0, 0]"
182,https://image.msscdn.net/images/codimap/detail/19736/detail_19736_1_500.jpg?202211211611
183,"['https://www.musinsa.com/app/codimap/views/19736?style_type=&tag_no=&brand=&display_cnt=60&list_kind=big&sort=date&page=3', 'not shown', 0, 0, 0, 'not shown', 0, 0, 0, 'not shown', 0, 'black', 'black', 'black', 0, 0, 0]"
184,https://image.msscdn.net/images/codimap/detail/19735/detail_19735_1_500.jpg?202211211611
185,"['https://www.musinsa.com/app/codimap/views/19735?style_type=&tag_no=&brand=&display_cnt=60&list_kind=big&sort=date&page=3', 'not shown', 0, 0, 0, 'not shown', 0, 0, 0, 'not shown', 0, 'black', 'not shown', 'not shown', 0, 0, 0]"
186,https://image.msscdn.net/images/codimap/detail/19734/detail_19734_1_500.jpg?202211211611
187,"['https://www.musinsa.com/app/codimap/views/19734?style_type=&tag_no=&brand=&display_cnt=60&list_kind=big&sort=date&page=3', 'not shown', 0, 0, 0, 'black', 0, 0, 0, 'black', 0, 'not shown', 'not shown', 'not shown', 0, 0, 0]"
188,https://image.msscdn.net/images/codimap/detail/19733/detail_19733_1_500.jpg?202211211611
189,"['https://www.musinsa.com/app/codimap/views/19733?style_type=&tag_no=&brand=&display_cnt=60&list_kind=big&sort=date&page=3', 'not shown', 'not shown', 0, 0, 'not shown', 0, 0, 0, 0, 0, 'not shown', 'not shown', 'not shown', 'not shown', 0, 0]"
190,https://image.msscdn.net/images/codimap/detail/19732/detail_19732_1_500.jpg?202211211611
191,"['https://www.musinsa.com/app/codimap/views/19732?style_type=&tag_no=&brand=&display_cnt=60&list_kind=big&sort=date&page=3', 'not shown', 0, 0, 0, 'not shown', 0, 0, 0, 'not shown', 0, 'beige', 'not shown', 'not shown', 0, 0, 0]"
192,https://image.msscdn.net/images/codimap/detail/19731/detail_19731_1_500.jpg?202211211611
193,"['https://www.musinsa.com/app/codimap/views/19731?style_type=&tag_no=&brand=&display_cnt=60&list_kind=big&sort=date&page=3', 'not shown', 0, 0, 0, 'pink', 0, 0, 0, 0, 0, 'black', 'grey', 'pink', 'pink', 0, 0]"
194,https://image.msscdn.net/images/codimap/detail/19730/detail_19730_1_500.jpg?202211211611
195,"['https://www.musinsa.com/app/codimap/views/19730?style_type=&tag_no=&brand=&display_cnt=60&list_kind=big&sort=date&page=3', 'not shown', 0, 0, 0, 'not shown', 0, 0, 0, 0, 0, 'not shown', 'brown', 'not shown', 'cream', 0, 0]"
196,https://image.msscdn.net/images/codimap/detail/19729/detail_19729_1_500.jpg?202211211611
197,"['https://www.musinsa.com/app/codimap/views/19729?style_type=&tag_no=&brand=&display_cnt=60&list_kind=big&sort=date&page=3', 'not shown', 0, 0, 0, 'not shown', 0, 0, 0, 'not shown', 0, 'black', 'not shown', 'black', 0, 0, 0]"
198,https://image.msscdn.net/images/codimap/detail/19728/detail_19728_1_500.jpg?202211211611
199,"['https://www.musinsa.com/app/codimap/views/19728?style_type=&tag_no=&brand=&display_cnt=60&list_kind=big&sort=date&page=3', 'green', 0, 0, 0, 'not shown', 0, 0, 0, 0, 0, 'not shown', 'white', 'green', 'not shown', 0, 0]"
200,https://image.msscdn.net/images/codimap/detail/19727/detail_19727_1_500.jpg?202211211611
201,"['https://www.musinsa.com/app/codimap/views/19727?style_type=&tag_no=&brand=&display_cnt=60&list_kind=big&sort=date&page=3', 'navy', 0, 0, 0, 'not shown', 0, 0, 0, 0, 0, 'not shown', 'not shown', 'not shown', 'not shown', 'not shown', 0]"
202,https://image.msscdn.net/images/codimap/detail/19726/detail_19726_1_500.jpg?202211211611
203,"['https://www.musinsa.com/app/codimap/views/19726?style_type=&tag_no=&brand=&display_cnt=60&list_kind=big&sort=date&page=3', 'not shown', 0, 0, 0, 'not shown', 0, 0, 0, 0, 0, 'not shown', 'beige', 'not shown', 0, 0, 0]"
204,https://image.msscdn.net/images/codimap/detail/19725/detail_19725_1_500.jpg?202211211611
205,"['https://www.musinsa.com/app/codimap/views/19725?style_type=&tag_no=&brand=&display_cnt=60&list_kind=big&sort=date&page=3', 'not shown', 0, 0, 0, 'beige', 0, 0, 0, 'not shown', 0, 'not shown', 'not shown', 'not shown', 0, 0, 0]"
206,https://image.msscdn.net/images/codimap/detail/19724/detail_19724_1_500.jpg?202211211611
207,"['https://www.musinsa.com/app/codimap/views/19724?style_type=&tag_no=&brand=&display_cnt=60&list_kind=big&sort=date&page=3', 'not shown', 0, 0, 0, 'not shown', 0, 0, 0, 'not shown', 0, 'not shown', 'not shown', 'beige', 0, 0, 0]"
208,https://image.msscdn.net/images/codimap/detail/19723/detail_19723_1_500.jpg?202211211611
209,"['https://www.musinsa.com/app/codimap/views/19723?style_type=&tag_no=&brand=&display_cnt=60&list_kind=big&sort=date&page=3', 'not shown', 0, 0, 0, 'not shown', 0, 0, 0, 'not shown', 0, 'not shown', 'not shown', 'black', 0, 0, 0]"
210,https://image.msscdn.net/images/codimap/detail/19722/detail_19722_1_500.jpg?202211211611
211,"['https://www.musinsa.com/app/codimap/views/19722?style_type=&tag_no=&brand=&display_cnt=60&list_kind=big&sort=date&page=3', 'not shown', 0, 0, 0, 'not shown', 0, 0, 0, 'black', 0, 0, 'not shown', 'black', 0, 0, 0]"
212,https://image.msscdn.net/images/codimap/detail/19721/detail_19721_1_500.jpg?202211211611
213,"['https://www.musinsa.com/app/codimap/views/19721?style_type=&tag_no=&brand=&display_cnt=60&list_kind=big&sort=date&page=3', 'not shown', 0, 0, 0, 'not shown', 0, 0, 0, 'not shown', 0, 'red', 'not shown', 'black', 0, 0, 0]"
214,https://image.msscdn.net/images/codimap/detail/19720/detail_19720_1_500.jpg?202211211611
215,"['https://www.musinsa.com/app/codimap/views/19720?style_type=&tag_no=&brand=&display_cnt=60&list_kind=big&sort=date&page=3', 'black', 0, 0, 0, 'grey', 0, 0, 0, 'black', 0, 'not shown', 'not shown', 'black', 0, 0, 0]"
216,https://image.msscdn.net/images/codimap/detail/19719/detail_19719_1_500.jpg?202211211611
217,"['https://www.musinsa.com/app/codimap/views/19719?style_type=&tag_no=&brand=&display_cnt=60&list_kind=big&sort=date&page=3', 'not shown', 0, 0, 0, 'blue', 'not shown', 0, 0, 'black', 0, 'black', 'not shown', 'not shown', 0, 0, 0]"
218,https://image.msscdn.net/images/codimap/detail/19718/detail_19718_1_500.jpg?202211211611
219,"['https://www.musinsa.com/app/codimap/views/19718?style_type=&tag_no=&brand=&display_cnt=60&list_kind=big&sort=date&page=3', 'black', 0, 0, 0, 'beige', 0, 0, 0, 0, 0, 'not shown', 'silver', 'not shown', 0, 0, 0]"
220,https://image.msscdn.net/images/codimap/detail/19717/detail_19717_1_500.jpg?202211211611
221,"['https://www.musinsa.com/app/codimap/views/19717?style_type=&tag_no=&brand=&display_cnt=60&list_kind=big&sort=date&page=3', 'not shown', 0, 0, 0, 'not shown', 0, 0, 0, 'black', 0, 'not shown', 'black', 'not shown', 0, 0, 0]"
222,https://image.msscdn.net/images/codimap/detail/19716/detail_19716_1_500.jpg?202211211611
223,"['https://www.musinsa.com/app/codimap/views/19716?style_type=&tag_no=&brand=&display_cnt=60&list_kind=big&sort=date&page=3', 'black', 0, 0, 0, 'not shown', 0, 0, 0, 'not shown', 0, 'mint', 'grey', 'not shown', 0, 0, 0]"
224,https://image.msscdn.net/images/codimap/detail/19715/detail_19715_1_500.jpg?202211211611
225,"['https://www.musinsa.com/app/codimap/views/19715?style_type=&tag_no=&brand=&display_cnt=60&list_kind=big&sort=date&page=3', 'not shown', 'not shown', 0, 0, 0, 0, 0, 0, 'not shown', 0, 'beige', 'not shown', 'not shown', 0, 0, 0]"
226,https://image.msscdn.net/images/codimap/detail/19714/detail_19714_1_500.jpg?202211211611
227,"['https://www.musinsa.com/app/codimap/views/19714?style_type=&tag_no=&brand=&display_cnt=60&list_kind=big&sort=date&page=3', 'not shown', 0, 0, 0, 'not shown', 0, 0, 0, 'navy', 0, 'not shown', 'not shown', 'brown', 0, 0, 0]"
228,https://image.msscdn.net/images/codimap/detail/19713/detail_19713_1_500.jpg?202211211611
229,"['https://www.musinsa.com/app/codimap/views/19713?style_type=&tag_no=&brand=&display_cnt=60&list_kind=big&sort=date&page=3', 'not shown', 0, 0, 0, 'not shown', 0, 0, 0, 'black', 0, 'not shown', 'not shown', 'cream', 0, 0, 0]"
230,https://image.msscdn.net/images/codimap/detail/19712/detail_19712_1_500.jpg?202211211611
231,"['https://www.musinsa.com/app/codimap/views/19712?style_type=&tag_no=&brand=&display_cnt=60&list_kind=big&sort=date&page=3', 'white', 0, 0, 0, 'not shown', 0, 0, 0, 'beige', 0, 'white', 'not shown', 'cream', 0, 0, 0]"
232,https://image.msscdn.net/images/codimap/detail/19711/detail_19711_1_500.jpg?202211211611
233,"['https://www.musinsa.com/app/codimap/views/19711?style_type=&tag_no=&brand=&display_cnt=60&list_kind=big&sort=date&page=3', 0, 0, 0, 0, 'not shown', 0, 0, 0, 'not shown', 0, 'not shown', 'not shown', 'black', 0, 0, 0]"
234,https://image.msscdn.net/images/codimap/detail/19710/detail_19710_1_500.jpg?202211211611
235,"['https://www.musinsa.com/app/codimap/views/19710?style_type=&tag_no=&brand=&display_cnt=60&list_kind=big&sort=date&page=3', 'black', 0, 0, 0, 'not shown', 0, 0, 0, 'not shown', 0, 'silver', 'not shown', 'black', 0, 0, 0]"
236,https://image.msscdn.net/images/codimap/detail/19709/detail_19709_1_500.jpg?202211211611
237,"['https://www.musinsa.com/app/codimap/views/19709?style_type=&tag_no=&brand=&display_cnt=60&list_kind=big&sort=date&page=3', 'not shown', 'not shown', 0, 0, 'not shown', 0, 0, 0, 'not shown', 0, 'not shown', 'not shown', 'black', 0, 0, 0]"
238,https://image.msscdn.net/images/codimap/detail/19708/detail_19708_1_500.jpg?202211211611
239,"['https://www.musinsa.com/app/codimap/views/19708?style_type=&tag_no=&brand=&display_cnt=60&list_kind=big&sort=date&page=3', 'black', 0, 0, 0, 0, 0, 0, 0, 'not shown', 0, 'not shown', 'beige', 'not shown', 0, 0, 0]"
240,https://image.msscdn.net/images/codimap/detail/19707/detail_19707_1_500.jpg?202211211611
241,"['https://www.musinsa.com/app/codimap/views/19707?style_type=&tag_no=&brand=&display_cnt=60&list_kind=big&sort=date&page=4', 'not shown', 'not shown', 0, 0, 0, 0, 0, 0, 0, 0, 'not shown', 'not shown', 'not shown', 'not shown', 0, 0]"
242,https://image.msscdn.net/images/codimap/detail/19706/detail_19706_1_500.jpg?202211211611
243,"['https://www.musinsa.com/app/codimap/views/19706?style_type=&tag_no=&brand=&display_cnt=60&list_kind=big&sort=date&page=4', 'not shown', 0, 0, 0, 'not shown', 0, 0, 0, 'not shown', 0, 0, 'not shown', 'not shown', 0, 0, 0]"
244,https://image.msscdn.net/images/codimap/detail/19705/detail_19705_1_500.jpg?202211211611
245,"['https://www.musinsa.com/app/codimap/views/19705?style_type=&tag_no=&brand=&display_cnt=60&list_kind=big&sort=date&page=4', 'not shown', 0, 0, 0, 'not shown', 0, 0, 0, 'not shown', 0, 'not shown', 'not shown', 'beige', 0, 0, 0]"
246,https://image.msscdn.net/images/codimap/detail/19659/detail_19659_1_500.jpg?202211211611
247,"['https://www.musinsa.com/app/codimap/views/19659?style_type=&tag_no=&brand=&display_cnt=60&list_kind=big&sort=date&page=4', 'not shown', 0, 0, 0, 'not shown', 0, 0, 0, 'not shown', 0, 'not shown', 'not shown', 'not shown', 0, 0, 0]"
248,https://image.msscdn.net/images/codimap/detail/19704/detail_19704_1_500.jpg?202211211611
249,"['https://www.musinsa.com/app/codimap/views/19704?style_type=&tag_no=&brand=&display_cnt=60&list_kind=big&sort=date&page=4', 'brown', 0, 0, 0, 'not shown', 0, 0, 0, 0, 0, 'not shown', 'not shown', 'not shown', 'not shown', 0, 0]"
250,https://image.msscdn.net/images/codimap/detail/19703/detail_19703_1_500.jpg?202211211611
251,"['https://www.musinsa.com/app/codimap/views/19703?style_type=&tag_no=&brand=&display_cnt=60&list_kind=big&sort=date&page=4', 'white', 'not shown', 0, 0, 'white', 0, 0, 0, 0, 0, 'green', 'white', 'not shown', 'not shown', 0, 0]"
252,https://image.msscdn.net/images/codimap/detail/19702/detail_19702_1_500.jpg?202211211611
253,"['https://www.musinsa.com/app/codimap/views/19702?style_type=&tag_no=&brand=&display_cnt=60&list_kind=big&sort=date&page=4', 'cream', 0, 0, 0, 'not shown', 0, 0, 0, 0, 0, 'white', 'not shown', 'white', 'not shown', 0, 0]"
254,https://image.msscdn.net/images/codimap/detail/19701/detail_19701_1_500.jpg?202211211611
255,"['https://www.musinsa.com/app/codimap/views/19701?style_type=&tag_no=&brand=&display_cnt=60&list_kind=big&sort=date&page=4', 'not shown', 0, 0, 0, 'green', 0, 0, 0, 0, 0, 'not shown', 'not shown', 'white', 'not shown', 0, 0]"
256,https://image.msscdn.net/images/codimap/detail/19700/detail_19700_1_500.jpg?202211211611
257,"['https://www.musinsa.com/app/codimap/views/19700?style_type=&tag_no=&brand=&display_cnt=60&list_kind=big&sort=date&page=4', 'not shown', 0, 0, 0, 'not shown', 0, 0, 0, 0, 0, 'not shown', 'white', 'not shown', 'not shown', 0, 0]"
258,https://image.msscdn.net/images/codimap/detail/19699/detail_19699_1_500.jpg?202211211611
259,"['https://www.musinsa.com/app/codimap/views/19699?style_type=&tag_no=&brand=&display_cnt=60&list_kind=big&sort=date&page=4', 'not shown', 0, 0, 0, 'not shown', 'beige', 0, 0, 'not shown', 0, 'not shown', 'not shown', 'not shown', 0, 0, 0]"
260,https://image.msscdn.net/images/codimap/detail/19698/detail_19698_1_500.jpg?202211211611
261,"['https://www.musinsa.com/app/codimap/views/19698?style_type=&tag_no=&brand=&display_cnt=60&list_kind=big&sort=date&page=4', 'not shown', 0, 0, 0, 'not shown', 0, 0, 0, 'not shown', 0, 'not shown', 'not shown', 'black', 0, 0, 0]"
262,https://image.msscdn.net/images/codimap/detail/19697/detail_19697_1_500.jpg?202211211611
263,"['https://www.musinsa.com/app/codimap/views/19697?style_type=&tag_no=&brand=&display_cnt=60&list_kind=big&sort=date&page=4', 'black', 'not shown', 0, 0, 'not shown', 0, 0, 0, 0, 0, 'black', 'not shown', 'black', 0, 0, 0]"
264,https://image.msscdn.net/images/codimap/detail/19696/detail_19696_1_500.jpg?202211211611
265,"['https://www.musinsa.com/app/codimap/views/19696?style_type=&tag_no=&brand=&display_cnt=60&list_kind=big&sort=date&page=4', 'not shown', 0, 0, 0, 'not shown', 0, 0, 0, 'not shown', 0, 0, 'not shown', 'not shown', 0, 0, 0]"
266,https://image.msscdn.net/images/codimap/detail/19695/detail_19695_1_500.jpg?202211211611
267,"['https://www.musinsa.com/app/codimap/views/19695?style_type=&tag_no=&brand=&display_cnt=60&list_kind=big&sort=date&page=4', 'not shown', 0, 0, 0, 'not shown', 'navy', 0, 0, 'not shown', 0, 'not shown', 'not shown', 'not shown', 0, 0, 0]"
268,https://image.msscdn.net/images/codimap/detail/19694/detail_19694_1_500.jpg?202211211611
269,"['https://www.musinsa.com/app/codimap/views/19694?style_type=&tag_no=&brand=&display_cnt=60&list_kind=big&sort=date&page=4', 'cream', 0, 0, 0, 'not shown', 0, 0, 0, 0, 0, 'not shown', 'not shown', 'not shown', 0, 0, 0]"
270,https://image.msscdn.net/images/codimap/detail/19693/detail_19693_1_500.jpg?202211211611
271,"['https://www.musinsa.com/app/codimap/views/19693?style_type=&tag_no=&brand=&display_cnt=60&list_kind=big&sort=date&page=4', 'brown', 0, 0, 0, 'not shown', 0, 0, 0, 'not shown', 0, 'not shown', 'not shown', 0, 0, 0, 0]"
272,https://image.msscdn.net/images/codimap/detail/19692/detail_19692_1_500.jpg?202211211611
273,"['https://www.musinsa.com/app/codimap/views/19692?style_type=&tag_no=&brand=&display_cnt=60&list_kind=big&sort=date&page=4', 'black', 0, 0, 0, 'not shown', 0, 0, 0, 'not shown', 0, 0, 'not shown', 'not shown', 0, 0, 0]"
274,https://image.msscdn.net/images/codimap/detail/19691/detail_19691_1_500.jpg?202211211611
275,"['https://www.musinsa.com/app/codimap/views/19691?style_type=&tag_no=&brand=&display_cnt=60&list_kind=big&sort=date&page=4', 'not shown', 0, 0, 0, 'not shown', 0, 0, 0, 'not shown', 0, 'not shown', 'not shown', 'not shown', 0, 0, 0]"
276,https://image.msscdn.net/images/codimap/detail/19690/detail_19690_1_500.jpg?202211211611
277,"['https://www.musinsa.com/app/codimap/views/19690?style_type=&tag_no=&brand=&display_cnt=60&list_kind=big&sort=date&page=4', 'black', 0, 0, 0, 'not shown', 0, 0, 0, 'not shown', 0, 'not shown', 'not shown', 'not shown', 0, 0, 0]"
278,https://image.msscdn.net/images/codimap/detail/19658/detail_19658_1_500.jpg?202211211611
279,"['https://www.musinsa.com/app/codimap/views/19658?style_type=&tag_no=&brand=&display_cnt=60&list_kind=big&sort=date&page=4', 'not shown', 0, 0, 0, 'not shown', 0, 0, 0, 'not shown', 0, 'not shown', 'not shown', 'not shown', 0, 0, 0]"
280,https://image.msscdn.net/images/codimap/detail/19657/detail_19657_1_500.jpg?202211211611
281,"['https://www.musinsa.com/app/codimap/views/19657?style_type=&tag_no=&brand=&display_cnt=60&list_kind=big&sort=date&page=4', 'not shown', 0, 0, 0, 'grey', 0, 0, 0, 'blue', 0, 'white', 'not shown', 0, 0, 0, 0]"
282,https://image.msscdn.net/images/codimap/detail/19689/detail_19689_1_500.jpg?202211211611
283,"['https://www.musinsa.com/app/codimap/views/19689?style_type=&tag_no=&brand=&display_cnt=60&list_kind=big&sort=date&page=4', 'brown', 'not shown', 0, 0, 'not shown', 0, 0, 0, 'not shown', 0, 'not shown', 'white', 'not shown', 0, 0, 0]"
284,https://image.msscdn.net/images/codimap/detail/19688/detail_19688_1_500.jpg?202211211611
285,"['https://www.musinsa.com/app/codimap/views/19688?style_type=&tag_no=&brand=&display_cnt=60&list_kind=big&sort=date&page=4', 'green', 0, 0, 0, 'white', 0, 0, 0, 'white', 0, 'not shown', 'black', 'white', 0, 0, 0]"
286,https://image.msscdn.net/images/codimap/detail/19687/detail_19687_1_500.jpg?202211211611
287,"['https://www.musinsa.com/app/codimap/views/19687?style_type=&tag_no=&brand=&display_cnt=60&list_kind=big&sort=date&page=4', 'black', 0, 0, 0, 'not shown', 0, 0, 0, 'not shown', 0, 'not shown', 'black', 0, 0, 0, 0]"
288,https://image.msscdn.net/images/codimap/detail/19686/detail_19686_1_500.jpg?202211211611
289,"['https://www.musinsa.com/app/codimap/views/19686?style_type=&tag_no=&brand=&display_cnt=60&list_kind=big&sort=date&page=4', 'white', 0, 0, 0, 'navy', 0, 0, 0, 'navy', 0, 'not shown', 'white', 'not shown', 0, 0, 0]"
290,https://image.msscdn.net/images/codimap/detail/19685/detail_19685_1_500.jpg?202211211611
291,"['https://www.musinsa.com/app/codimap/views/19685?style_type=&tag_no=&brand=&display_cnt=60&list_kind=big&sort=date&page=4', 'not shown', 0, 0, 0, 'not shown', 0, 0, 0, 'white', 0, 'not shown', 'not shown', 'yellow', 0, 0, 0]"
292,https://image.msscdn.net/images/codimap/detail/19684/detail_19684_1_500.jpg?202211211611
293,"['https://www.musinsa.com/app/codimap/views/19684?style_type=&tag_no=&brand=&display_cnt=60&list_kind=big&sort=date&page=4', 'brown', 0, 0, 0, 'not shown', 0, 0, 0, 'beige', 0, 'cream', 'green', 'not shown', 0, 0, 0]"
294,https://image.msscdn.net/images/codimap/detail/19683/detail_19683_1_500.jpg?202211211611
295,"['https://www.musinsa.com/app/codimap/views/19683?style_type=&tag_no=&brand=&display_cnt=60&list_kind=big&sort=date&page=4', 'not shown', 0, 0, 0, 'mint', 0, 0, 0, 'not shown', 0, 'white', 'black', 'not shown', 0, 0, 0]"
296,https://image.msscdn.net/images/codimap/detail/19682/detail_19682_1_500.jpg?202211211611
297,"['https://www.musinsa.com/app/codimap/views/19682?style_type=&tag_no=&brand=&display_cnt=60&list_kind=big&sort=date&page=4', 'green', 0, 0, 0, 'not shown', 0, 0, 0, 'navy', 0, 'white', 'navy', 'not shown', 0, 0, 0]"
298,https://image.msscdn.net/images/codimap/detail/19681/detail_19681_1_500.jpg?202211211611
299,"['https://www.musinsa.com/app/codimap/views/19681?style_type=&tag_no=&brand=&display_cnt=60&list_kind=big&sort=date&page=4', 'black', 0, 0, 0, 'not shown', 0, 0, 0, 'not shown', 0, 'not shown', 'not shown', 'not shown', 0, 0, 0]"
300,https://image.msscdn.net/images/codimap/detail/19680/detail_19680_1_500.jpg?202211211611
301,"['https://www.musinsa.com/app/codimap/views/19680?style_type=&tag_no=&brand=&display_cnt=60&list_kind=big&sort=date&page=4', 'beige', 0, 0, 0, 'not shown', 0, 0, 0, 'not shown', 0, 'not shown', 'not shown', 'not shown', 0, 0, 0]"
302,https://image.msscdn.net/images/codimap/detail/19674/detail_19674_1_500.jpg?202211211611
303,"['https://www.musinsa.com/app/codimap/views/19674?style_type=&tag_no=&brand=&display_cnt=60&list_kind=big&sort=date&page=4', 'not shown', 'white', 0, 0, 'brown', 0, 0, 0, 'not shown', 0, 'not shown', 'not shown', 'black', 0, 0, 0]"
304,https://image.msscdn.net/images/codimap/detail/19673/detail_19673_1_500.jpg?202211211611
305,"['https://www.musinsa.com/app/codimap/views/19673?style_type=&tag_no=&brand=&display_cnt=60&list_kind=big&sort=date&page=4', 'not shown', 0, 0, 0, 'not shown', 0, 0, 0, 'not shown', 0, 'not shown', 'black', 'not shown', 0, 0, 0]"
306,https://image.msscdn.net/images/codimap/detail/19672/detail_19672_1_500.jpg?202211211611
307,"['https://www.musinsa.com/app/codimap/views/19672?style_type=&tag_no=&brand=&display_cnt=60&list_kind=big&sort=date&page=4', 'not shown', 'not shown', 0, 0, 'not shown', 0, 0, 0, 'black', 0, 'black', 'not shown', 0, 0, 0, 0]"
308,https://image.msscdn.net/images/codimap/detail/19671/detail_19671_1_500.jpg?202211211611
309,"['https://www.musinsa.com/app/codimap/views/19671?style_type=&tag_no=&brand=&display_cnt=60&list_kind=big&sort=date&page=4', 'grey', 0, 0, 0, 'not shown', 0, 0, 0, 'not shown', 0, 'brown', 'not shown', 'not shown', 0, 0, 0]"
310,https://image.msscdn.net/images/codimap/detail/19670/detail_19670_1_500.jpg?202211211611
311,"['https://www.musinsa.com/app/codimap/views/19670?style_type=&tag_no=&brand=&display_cnt=60&list_kind=big&sort=date&page=4', 'beige', 0, 0, 0, 'not shown', 'not shown', 0, 0, 'black', 0, 'black', 'not shown', 'not shown', 0, 0, 0]"
312,https://image.msscdn.net/images/codimap/detail/19669/detail_19669_1_500.jpg?202211211611
313,"['https://www.musinsa.com/app/codimap/views/19669?style_type=&tag_no=&brand=&display_cnt=60&list_kind=big&sort=date&page=4', 'not shown', 0, 0, 0, 'not shown', 0, 0, 0, 'not shown', 0, 'not shown', 'black', 'not shown', 0, 0, 0]"
314,https://image.msscdn.net/images/codimap/detail/19668/detail_19668_1_500.jpg?202211211611
315,"['https://www.musinsa.com/app/codimap/views/19668?style_type=&tag_no=&brand=&display_cnt=60&list_kind=big&sort=date&page=4', 'not shown', 0, 0, 0, 'not shown', 0, 0, 0, 'cream', 0, 'not shown', 'not shown', 'beige', 0, 0, 0]"
316,https://image.msscdn.net/images/codimap/detail/19667/detail_19667_1_500.jpg?202211211611
317,"['https://www.musinsa.com/app/codimap/views/19667?style_type=&tag_no=&brand=&display_cnt=60&list_kind=big&sort=date&page=4', 'not shown', 0, 0, 0, 'not shown', 0, 0, 0, 'not shown', 0, 'white', 'not shown', 'not shown', 0, 0, 0]"
318,https://image.msscdn.net/images/codimap/detail/19666/detail_19666_1_500.jpg?202211211611
319,"['https://www.musinsa.com/app/codimap/views/19666?style_type=&tag_no=&brand=&display_cnt=60&list_kind=big&sort=date&page=4', 'not shown', 'not shown', 0, 0, 'not shown', 0, 0, 0, 'black', 0, 'not shown', 'silver', 'not shown', 0, 0, 0]"
320,https://image.msscdn.net/images/codimap/detail/19665/detail_19665_1_500.jpg?202211211611
321,"['https://www.musinsa.com/app/codimap/views/19665?style_type=&tag_no=&brand=&display_cnt=60&list_kind=big&sort=date&page=4', 'not shown', 'not shown', 0, 0, 'not shown', 0, 0, 0, 'black', 0, 0, 'black', 'black', 0, 0, 0]"
322,https://image.msscdn.net/images/codimap/detail/19664/detail_19664_1_500.jpg?202211211611
323,"['https://www.musinsa.com/app/codimap/views/19664?style_type=&tag_no=&brand=&display_cnt=60&list_kind=big&sort=date&page=4', 'not shown', 0, 0, 0, 'black', 0, 0, 0, 'black', 0, 0, 'not shown', 'not shown', 0, 0, 0]"
324,https://image.msscdn.net/images/codimap/detail/19663/detail_19663_1_500.jpg?202211211611
325,"['https://www.musinsa.com/app/codimap/views/19663?style_type=&tag_no=&brand=&display_cnt=60&list_kind=big&sort=date&page=4', 'black', 'black', 0, 0, 0, 0, 0, 0, 'black', 0, 0, 'black', 'not shown', 0, 0, 0]"
326,https://image.msscdn.net/images/codimap/detail/19662/detail_19662_1_500.jpg?202211211611
327,"['https://www.musinsa.com/app/codimap/views/19662?style_type=&tag_no=&brand=&display_cnt=60&list_kind=big&sort=date&page=4', 'navy', 0, 0, 0, 'green', 0, 0, 0, 'blue', 0, 'not shown', 'not shown', 'not shown', 0, 0, 0]"
328,https://image.msscdn.net/images/codimap/detail/19661/detail_19661_1_500.jpg?202211211611
329,"['https://www.musinsa.com/app/codimap/views/19661?style_type=&tag_no=&brand=&display_cnt=60&list_kind=big&sort=date&page=4', 'black', 0, 0, 0, 'black', 0, 0, 0, 'black', 0, 0, 'black', 'black', 0, 0, 0]"
330,https://image.msscdn.net/images/codimap/detail/19660/detail_19660_1_500.jpg?202211211611
331,"['https://www.musinsa.com/app/codimap/views/19660?style_type=&tag_no=&brand=&display_cnt=60&list_kind=big&sort=date&page=4', 'not shown', 0, 0, 0, 'navy', 0, 0, 0, 'blue', 0, 'not shown', 'navy', 'black', 0, 0, 0]"
332,https://image.msscdn.net/images/codimap/detail/19656/detail_19656_1_500.jpg?202211211611
333,"['https://www.musinsa.com/app/codimap/views/19656?style_type=&tag_no=&brand=&display_cnt=60&list_kind=big&sort=date&page=4', 'not shown', 0, 0, 0, 'not shown', 0, 0, 0, 0, 0, 'not shown', 'not shown', 'not shown', 'not shown', 0, 0]"
334,https://image.msscdn.net/images/codimap/detail/19655/detail_19655_1_500.jpg?202211211611
335,"['https://www.musinsa.com/app/codimap/views/19655?style_type=&tag_no=&brand=&display_cnt=60&list_kind=big&sort=date&page=4', 'not shown', 0, 0, 0, 'beige', 0, 0, 0, 0, 0, 'brown', 'cream', 'not shown', 'not shown', 0, 0]"
336,https://image.msscdn.net/images/codimap/detail/19654/detail_19654_1_500.jpg?202211211611
337,"['https://www.musinsa.com/app/codimap/views/19654?style_type=&tag_no=&brand=&display_cnt=60&list_kind=big&sort=date&page=4', 'black', 0, 0, 0, 'not shown', 0, 0, 0, 'not shown', 0, 'not shown', 'not shown', 'black', 0, 0, 0]"
338,https://image.msscdn.net/images/codimap/detail/19653/detail_19653_1_500.jpg?202211211611
339,"['https://www.musinsa.com/app/codimap/views/19653?style_type=&tag_no=&brand=&display_cnt=60&list_kind=big&sort=date&page=4', 'black', 0, 0, 0, 'grey', 0, 0, 0, 'black', 0, 'black', 'green', 'black', 0, 0, 0]"
340,https://image.msscdn.net/images/codimap/detail/19652/detail_19652_1_500.jpg?202211211611
341,"['https://www.musinsa.com/app/codimap/views/19652?style_type=&tag_no=&brand=&display_cnt=60&list_kind=big&sort=date&page=4', 'black', 0, 0, 0, 'blue', 0, 0, 0, 'blue', 0, 'white', 'beige', 'brown', 0, 0, 0]"
342,https://image.msscdn.net/images/codimap/detail/19651/detail_19651_1_500.jpg?202211211611
343,"['https://www.musinsa.com/app/codimap/views/19651?style_type=&tag_no=&brand=&display_cnt=60&list_kind=big&sort=date&page=4', 0, 0, 0, 0, 'not shown', 0, 0, 0, 'not shown', 0, 0, 'beige', 'not shown', 'not shown', 0, 0]"
344,https://image.msscdn.net/images/codimap/detail/19650/detail_19650_1_500.jpg?202211211611
345,"['https://www.musinsa.com/app/codimap/views/19650?style_type=&tag_no=&brand=&display_cnt=60&list_kind=big&sort=date&page=4', 0, 0, 0, 0, 0, 0, 0, 0, 0, 0, 'black', 'black', 'not shown', 'not shown', 0, 0]"
346,https://image.msscdn.net/images/codimap/detail/19649/detail_19649_1_500.jpg?202211211611
347,"['https://www.musinsa.com/app/codimap/views/19649?style_type=&tag_no=&brand=&display_cnt=60&list_kind=big&sort=date&page=4', 0, 0, 0, 0, 'not shown', 0, 0, 0, 0, 0, 0, 'not shown', 'not shown', 'not shown', 'not shown', 0]"
348,https://image.msscdn.net/images/codimap/detail/19648/detail_19648_1_500.jpg?202211211611
349,"['https://www.musinsa.com/app/codimap/views/19648?style_type=&tag_no=&brand=&display_cnt=60&list_kind=big&sort=date&page=4', 0, 0, 0, 0, 0, 0, 0, 0, 0, 0, 0, 'not shown', 'not shown', 'mint', 0, 0]"
350,https://image.msscdn.net/images/codimap/detail/19647/detail_19647_1_500.jpg?202211211611
351,"['https://www.musinsa.com/app/codimap/views/19647?style_type=&tag_no=&brand=&display_cnt=60&list_kind=big&sort=date&page=4', 0, 0, 0, 0, 0, 0, 0, 0, 0, 0, 0, 'white', 'not shown', 'not shown', 'not shown', 0]"
352,https://image.msscdn.net/images/codimap/detail/19646/detail_19646_1_500.jpg?202211211711
353,"['https://www.musinsa.com/app/codimap/views/19646?style_type=&tag_no=&brand=&display_cnt=60&list_kind=big&sort=date&page=4', 'beige', 0, 0, 0, 'not shown', 0, 0, 0, 'not shown', 0, 'not shown', 'not shown', 'not shown', 0, 0, 0]"
354,https://image.msscdn.net/images/codimap/detail/19645/detail_19645_1_500.jpg?202211211711
355,"['https://www.musinsa.com/app/codimap/views/19645?style_type=&tag_no=&brand=&display_cnt=60&list_kind=big&sort=date&page=4', 'not shown', 0, 0, 0, 'not shown', 0, 0, 0, 'not shown', 0, 'white', 'not shown', 'not shown', 0, 0, 0]"
356,https://image.msscdn.net/images/codimap/detail/19644/detail_19644_1_500.jpg?202211211711
357,"['https://www.musinsa.com/app/codimap/views/19644?style_type=&tag_no=&brand=&display_cnt=60&list_kind=big&sort=date&page=4', 'not shown', 'not shown', 0, 0, 'black', 0, 0, 0, 'black', 0, 'not shown', 'silver', 'black', 0, 0, 0]"
358,https://image.msscdn.net/images/codimap/detail/19643/detail_19643_1_500.jpg?202211211711
359,"['https://www.musinsa.com/app/codimap/views/19643?style_type=&tag_no=&brand=&display_cnt=60&list_kind=big&sort=date&page=4', 'black', 0, 0, 0, 'not shown', 0, 0, 0, 'black', 0, 0, 'not shown', 'not shown', 0, 0, 0]"
360,https://image.msscdn.net/images/codimap/detail/19642/detail_19642_1_500.jpg?202211211711
361,"['https://www.musinsa.com/app/codimap/views/19642?style_type=&tag_no=&brand=&display_cnt=60&list_kind=big&sort=date&page=5', 'grey', 0, 0, 0, 'black', 0, 0, 0, 'not shown', 0, 'black', 'not shown', 'not shown', 0, 0, 0]"
362,https://image.msscdn.net/images/codimap/detail/19641/detail_19641_1_500.jpg?202211211711
363,"['https://www.musinsa.com/app/codimap/views/19641?style_type=&tag_no=&brand=&display_cnt=60&list_kind=big&sort=date&page=5', 'not shown', 0, 0, 0, 'navy', 0, 0, 0, 'not shown', 0, 'not shown', 'black', 'not shown', 0, 0, 0]"
364,https://image.msscdn.net/images/codimap/detail/19640/detail_19640_1_500.jpg?202211211711
365,"['https://www.musinsa.com/app/codimap/views/19640?style_type=&tag_no=&brand=&display_cnt=60&list_kind=big&sort=date&page=5', 'not shown', 0, 0, 0, 'black', 0, 0, 0, 'black', 0, 0, 'silver', 'silver', 0, 0, 0]"
366,https://image.msscdn.net/images/codimap/detail/19639/detail_19639_1_500.jpg?202211211711
367,"['https://www.musinsa.com/app/codimap/views/19639?style_type=&tag_no=&brand=&display_cnt=60&list_kind=big&sort=date&page=5', 'beige', 0, 0, 0, 'not shown', 0, 0, 0, 'not shown', 0, 'not shown', 'not shown', 'black', 0, 0, 0]"
368,https://image.msscdn.net/images/codimap/detail/19638/detail_19638_1_500.jpg?202211211711
369,"['https://www.musinsa.com/app/codimap/views/19638?style_type=&tag_no=&brand=&display_cnt=60&list_kind=big&sort=date&page=5', 'grey', 0, 0, 0, 'black', 0, 0, 0, 'grey', 0, 'black', 'silver', 'black', 0, 0, 0]"
370,https://image.msscdn.net/images/codimap/detail/19637/detail_19637_1_500.jpg?202211211711
371,"['https://www.musinsa.com/app/codimap/views/19637?style_type=&tag_no=&brand=&display_cnt=60&list_kind=big&sort=date&page=5', 'black', 0, 0, 0, 'not shown', 0, 0, 0, 'blue', 0, 'green', 'not shown', 0, 0, 0, 0]"
372,https://image.msscdn.net/images/codimap/detail/19631/detail_19631_1_500.jpg?202211211711
373,"['https://www.musinsa.com/app/codimap/views/19631?style_type=&tag_no=&brand=&display_cnt=60&list_kind=big&sort=date&page=5', 'not shown', 0, 0, 0, 'not shown', 0, 0, 0, 0, 0, 'not shown', 'not shown', 'grey', 'not shown', 'not shown', 0]"
374,https://image.msscdn.net/images/codimap/detail/19630/detail_19630_1_500.jpg?202211211711
375,"['https://www.musinsa.com/app/codimap/views/19630?style_type=&tag_no=&brand=&display_cnt=60&list_kind=big&sort=date&page=5', 'not shown', 0, 0, 0, 'not shown', 0, 0, 0, 'blue', 0, 'not shown', 'not shown', 'not shown', 0, 0, 0]"
376,https://image.msscdn.net/images/codimap/detail/19629/detail_19629_1_500.jpg?202211211711
377,"['https://www.musinsa.com/app/codimap/views/19629?style_type=&tag_no=&brand=&display_cnt=60&list_kind=big&sort=date&page=5', 'not shown', 0, 0, 0, 'not shown', 0, 0, 0, 'black', 0, 'white', 'silver', 'not shown', 0, 0, 0]"
378,https://image.msscdn.net/images/codimap/detail/19628/detail_19628_1_500.jpg?202211211711
379,"['https://www.musinsa.com/app/codimap/views/19628?style_type=&tag_no=&brand=&display_cnt=60&list_kind=big&sort=date&page=5', 'not shown', 0, 0, 0, 'not shown', 0, 0, 0, 'not shown', 0, 'white', 'not shown', 'not shown', 0, 0, 0]"
380,https://image.msscdn.net/images/codimap/detail/19627/detail_19627_1_500.jpg?202211211711
381,"['https://www.musinsa.com/app/codimap/views/19627?style_type=&tag_no=&brand=&display_cnt=60&list_kind=big&sort=date&page=5', 'not shown', 0, 0, 0, 'not shown', 0, 0, 0, 'black', 0, 0, 'not shown', 'not shown', 0, 0, 0]"
382,https://image.msscdn.net/images/codimap/detail/19626/detail_19626_1_500.jpg?202211211711
383,"['https://www.musinsa.com/app/codimap/views/19626?style_type=&tag_no=&brand=&display_cnt=60&list_kind=big&sort=date&page=5', 'not shown', 0, 0, 0, 'not shown', 0, 0, 0, 'not shown', 0, 'black', 'silver', 'not shown', 0, 0, 0]"
384,https://image.msscdn.net/images/codimap/detail/19625/detail_19625_1_500.jpg?202211211711
385,"['https://www.musinsa.com/app/codimap/views/19625?style_type=&tag_no=&brand=&display_cnt=60&list_kind=big&sort=date&page=5', 'not shown', 0, 0, 0, 'not shown', 0, 0, 0, 'not shown', 0, 'not shown', 'not shown', 'not shown', 0, 0, 0]"
386,https://image.msscdn.net/images/codimap/detail/19624/detail_19624_1_500.jpg?202211211711
387,"['https://www.musinsa.com/app/codimap/views/19624?style_type=&tag_no=&brand=&display_cnt=60&list_kind=big&sort=date&page=5', 'not shown', 0, 0, 0, 'not shown', 0, 0, 0, 0, 0, 'not shown', 'not shown', 'not shown', 'not shown', 0, 0]"
388,https://image.msscdn.net/images/codimap/detail/19623/detail_19623_1_500.jpg?202211211711
389,"['https://www.musinsa.com/app/codimap/views/19623?style_type=&tag_no=&brand=&display_cnt=60&list_kind=big&sort=date&page=5', 'not shown', 0, 0, 0, 'not shown', 0, 0, 0, 0, 0, 'beige', 'not shown', 'not shown', 'not shown', 0, 0]"
390,https://image.msscdn.net/images/codimap/detail/19622/detail_19622_1_500.jpg?202211211711
391,"['https://www.musinsa.com/app/codimap/views/19622?style_type=&tag_no=&brand=&display_cnt=60&list_kind=big&sort=date&page=5', 'not shown', 0, 0, 0, 'not shown', 0, 0, 0, 'not shown', 0, 'white', 'not shown', 'not shown', 0, 0, 0]"
392,https://image.msscdn.net/images/codimap/detail/19621/detail_19621_1_500.jpg?202211211711
393,"['https://www.musinsa.com/app/codimap/views/19621?style_type=&tag_no=&brand=&display_cnt=60&list_kind=big&sort=date&page=5', 'not shown', 'grey', 0, 0, 'not shown', 0, 0, 0, 'black', 0, 'not shown', 'not shown', 'black', 0, 0, 0]"
394,https://image.msscdn.net/images/codimap/detail/19620/detail_19620_1_500.jpg?202211211711
395,"['https://www.musinsa.com/app/codimap/views/19620?style_type=&tag_no=&brand=&display_cnt=60&list_kind=big&sort=date&page=5', 'black', 0, 0, 0, 'not shown', 0, 0, 0, 'not shown', 0, 'not shown', 'black', 'black', 0, 0, 0]"
396,https://image.msscdn.net/images/codimap/detail/19619/detail_19619_1_500.jpg?202211211711
397,"['https://www.musinsa.com/app/codimap/views/19619?style_type=&tag_no=&brand=&display_cnt=60&list_kind=big&sort=date&page=5', 'not shown', 0, 0, 0, 'not shown', 0, 0, 0, 'not shown', 0, 'white', 'not shown', 'not shown', 0, 0, 0]"
398,https://image.msscdn.net/images/codimap/detail/19618/detail_19618_1_500.jpg?202211211711
399,"['https://www.musinsa.com/app/codimap/views/19618?style_type=&tag_no=&brand=&display_cnt=60&list_kind=big&sort=date&page=5', 'not shown', 0, 0, 0, 'not shown', 0, 0, 0, 'not shown', 0, 'black', 'not shown', 'black', 0, 0, 0]"
400,https://image.msscdn.net/images/codimap/detail/19617/detail_19617_1_500.jpg?202211211711
401,"['https://www.musinsa.com/app/codimap/views/19617?style_type=&tag_no=&brand=&display_cnt=60&list_kind=big&sort=date&page=5', 'not shown', 0, 0, 0, 'beige', 0, 0, 0, 'not shown', 0, 'not shown', 'beige', 'not shown', 0, 0, 0]"
402,https://image.msscdn.net/images/codimap/detail/19616/detail_19616_1_500.jpg?202211211711
403,"['https://www.musinsa.com/app/codimap/views/19616?style_type=&tag_no=&brand=&display_cnt=60&list_kind=big&sort=date&page=5', 'not shown', 0, 0, 0, 'navy', 0, 0, 0, 'not shown', 0, 'not shown', 'not shown', 'black', 0, 0, 0]"
404,https://image.msscdn.net/images/codimap/detail/19615/detail_19615_1_500.jpg?202211211711
405,"['https://www.musinsa.com/app/codimap/views/19615?style_type=&tag_no=&brand=&display_cnt=60&list_kind=big&sort=date&page=5', 'black', 0, 0, 0, 'not shown', 0, 0, 0, 'not shown', 0, 0, 'not shown', 0, 0, 0, 0]"
406,https://image.msscdn.net/images/codimap/detail/19614/detail_19614_1_500.jpg?202211211711
407,"['https://www.musinsa.com/app/codimap/views/19614?style_type=&tag_no=&brand=&display_cnt=60&list_kind=big&sort=date&page=5', 'not shown', 0, 0, 0, 'grey', 0, 0, 0, 'not shown', 0, 'not shown', 'black', 'black', 0, 0, 0]"
408,https://image.msscdn.net/images/codimap/detail/19613/detail_19613_1_500.jpg?202211211711
409,"['https://www.musinsa.com/app/codimap/views/19613?style_type=&tag_no=&brand=&display_cnt=60&list_kind=big&sort=date&page=5', 'grey', 'not shown', 0, 0, 0, 0, 0, 0, 'not shown', 0, 'not shown', 'not shown', 'black', 0, 0, 0]"
410,https://image.msscdn.net/images/codimap/detail/19612/detail_19612_1_500.jpg?202211211711
411,"['https://www.musinsa.com/app/codimap/views/19612?style_type=&tag_no=&brand=&display_cnt=60&list_kind=big&sort=date&page=5', 'grey', 0, 0, 0, 'grey', 'not shown', 0, 0, 'not shown', 0, 'not shown', 'not shown', 'not shown', 0, 0, 0]"
412,https://image.msscdn.net/images/codimap/detail/19611/detail_19611_1_500.jpg?202211211711
413,"['https://www.musinsa.com/app/codimap/views/19611?style_type=&tag_no=&brand=&display_cnt=60&list_kind=big&sort=date&page=5', 'not shown', 0, 0, 0, 'not shown', 0, 0, 0, 'not shown', 0, 'not shown', 'not shown', 'not shown', 0, 0, 0]"
414,https://image.msscdn.net/images/codimap/detail/19610/detail_19610_1_500.jpg?202211211711
415,"['https://www.musinsa.com/app/codimap/views/19610?style_type=&tag_no=&brand=&display_cnt=60&list_kind=big&sort=date&page=5', 'not shown', 0, 0, 0, 'not shown', 0, 0, 0, 'not shown', 0, 'not shown', 'not shown', 'black', 0, 0, 0]"
416,https://image.msscdn.net/images/codimap/detail/19609/detail_19609_1_500.jpg?202211211711
417,"['https://www.musinsa.com/app/codimap/views/19609?style_type=&tag_no=&brand=&display_cnt=60&list_kind=big&sort=date&page=5', 'not shown', 'not shown', 0, 0, 'not shown', 0, 0, 0, 'not shown', 0, 'black', 'not shown', 'not shown', 0, 0, 0]"
418,https://image.msscdn.net/images/codimap/detail/19608/detail_19608_1_500.jpg?202211211711
419,"['https://www.musinsa.com/app/codimap/views/19608?style_type=&tag_no=&brand=&display_cnt=60&list_kind=big&sort=date&page=5', 'not shown', 0, 0, 0, 'not shown', 0, 0, 0, 'not shown', 0, 'not shown', 'not shown', 'black', 0, 0, 0]"
420,https://image.msscdn.net/images/codimap/detail/19607/detail_19607_1_500.jpg?202211211711
421,"['https://www.musinsa.com/app/codimap/views/19607?style_type=&tag_no=&brand=&display_cnt=60&list_kind=big&sort=date&page=5', 'not shown', 0, 0, 0, 'not shown', 0, 0, 0, 'not shown', 0, 'not shown', 'beige', 'not shown', 0, 0, 0]"
422,https://image.msscdn.net/images/codimap/detail/19606/detail_19606_1_500.jpg?202211211711
423,"['https://www.musinsa.com/app/codimap/views/19606?style_type=&tag_no=&brand=&display_cnt=60&list_kind=big&sort=date&page=5', 'black', 0, 0, 0, 'not shown', 'not shown', 0, 0, 'not shown', 0, 'not shown', 'not shown', 'not shown', 0, 0, 0]"
424,https://image.msscdn.net/images/codimap/detail/19605/detail_19605_1_500.jpg?202211211711
425,"['https://www.musinsa.com/app/codimap/views/19605?style_type=&tag_no=&brand=&display_cnt=60&list_kind=big&sort=date&page=5', 'not shown', 0, 0, 0, 'black', 0, 0, 0, 'not shown', 0, 0, 'not shown', 'not shown', 0, 0, 0]"
426,https://image.msscdn.net/images/codimap/detail/19604/detail_19604_1_500.jpg?202211211711
427,"['https://www.musinsa.com/app/codimap/views/19604?style_type=&tag_no=&brand=&display_cnt=60&list_kind=big&sort=date&page=5', 'not shown', 0, 0, 0, 'navy', 0, 0, 0, 'black', 0, 'not shown', 'not shown', 'black', 0, 0, 0]"
